KSTACK_HASH,KSTACK_SYMS
1b4281041a56c52e,'__blk_flush_plug+0xdf'
dce0af03b0568d58,'filemap_get_read_batch+0x17d'
dcedfc03b06d272f,'filemap_read+0x4c0'
3386023aca8e823d,'__alloc_frozen_pages_noprof+0x1e8;alloc_pages_mpol+0x7e;alloc_frozen_pages_noprof+0x5c;folio_alloc_noprof+0x14;filemap_alloc_folio_noprof+0x104;page_cache_ra_order+0x1db;page_cache_async_ra+0x166;filemap_readahead.isra.0+0x76;filemap_get_pages+0x32d;filemap_read+0x11c;generic_file_read_iter+0xbb;xfs_file_buffered_read+0xa9;xfs_file_read_iter+0xad;vfs_read+0x2ab;__x64_sys_pread64+0xa9;x64_sys_call+0x1ba4;do_syscall_64+0x7e;entry_SYSCALL_64_after_hwframe+0x76'
ee180803cd979993,'__mod_memcg_lruvec_state+0xf4'
b21afa54f7a89ac9,'bpf_prog_50d93c15690a4f23_xcap_iorq_issue+0xea'
d57d3103a3c87e3e,'alloc_htab_elem+0x1ff'
bcc5e010ee467ff7,'srso_return_thunk+0x5;filemap_get_read_batch+0x17d'
efa22003d035405b,'current_time+0x3c'
dde02103b2089c0e,'read_pages+0x17f'
efbe5103d065279e,'touch_atime+0x1f'
38fcc58d2f679b63,'__tcp_transmit_skb+0xa86;tcp_write_xmit+0x5bb;__tcp_push_pending_frames+0x37;tcp_rcv_established+0x464;tcp_v4_do_rcv+0x17d;tcp_v4_rcv+0xe8f;ip_protocol_deliver_rcu+0x3c;ip_local_deliver_finish+0x77;ip_local_deliver+0x6e;ip_sublist_rcv_finish+0x6f;ip_sublist_rcv+0x177;ip_list_rcv+0x103;__netif_receive_skb_list_core+0x22d;netif_receive_skb_list_internal+0x1dc;napi_complete_done+0x70;aq_vec_poll+0x193;__napi_poll+0x33;net_rx_action+0x20c;handle_softirqs+0xe7;__irq_exit_rcu+0x10e;irq_exit_rcu+0xe;common_interrupt+0x59;asm_common_interrupt+0x27'
472965245c8e0f6d,'folio_wait_bit_common+0x138;filemap_update_page+0x24c;filemap_get_pages+0x2f4;filemap_read+0x11c;generic_file_read_iter+0xbb;xfs_file_buffered_read+0xa9'
45867c921a02ceb1,'read_events+0x203;do_io_getevents+0x76;__x64_sys_io_pgetevents+0xd6;x64_sys_call+0x1814;do_syscall_64+0x7e;entry_SYSCALL_64_after_hwframe+0x76'
84b7d69bbec05781,'blk_mq_get_tag+0x154;__blk_mq_alloc_requests+0xbd;blk_mq_submit_bio+0x253;__submit_bio+0x75;__submit_bio_noacct+0x91;submit_bio_noacct_nocheck+0x1f8;submit_bio_noacct+0x16c;submit_bio+0xb1;iomap_readpage_iter+0x233;iomap_readahead+0x1cc;xfs_vm_readahead+0x15;read_pages+0x85;page_cache_ra_order+0x33c;page_cache_async_ra+0x166;filemap_readahead.isra.0+0x76;filemap_get_pages+0x32d;filemap_read+0x11c;generic_file_read_iter+0xbb;xfs_file_buffered_read+0xa9;xfs_file_read_iter+0xad;vfs_read+0x2ab;ksys_read+0x72;__x64_sys_read+0x19;x64_sys_call+0x1bd1;do_syscall_64+0x7e;entry_SYSCALL_64_after_hwframe+0x76'
2740886f42106838,'xfs_vm_readahead+0x15;read_pages+0x85;page_cache_ra_unbounded+0x18e;page_cache_sync_ra+0x228;filemap_get_pages+0x133;filemap_read+0x11c;generic_file_read_iter+0xbb;xfs_file_buffered_read+0xa9;xfs_file_read_iter+0xad;vfs_read+0x2ab;__x64_sys_pread64+0xa9;x64_sys_call+0x1ba4;do_syscall_64+0x7e;entry_SYSCALL_64_after_hwframe+0x76'
c78c4ab8abae32b6,'blk_mq_get_tag+0x154;__blk_mq_alloc_requests+0xbd;blk_mq_submit_bio+0x253;__submit_bio+0x75;__submit_bio_noacct+0x91;submit_bio_noacct_nocheck+0x1f8;submit_bio_noacct+0x16c;submit_bio+0xb1;iomap_readpage_iter+0x233;iomap_readahead+0x1cc;xfs_vm_readahead+0x15;read_pages+0x85;page_cache_ra_unbounded+0x18e;page_cache_ra_order+0x3b8;page_cache_async_ra+0x166;filemap_readahead.isra.0+0x76;filemap_get_pages+0x32d;filemap_read+0x11c;generic_file_read_iter+0xbb;xfs_file_buffered_read+0xa9;xfs_file_read_iter+0xad;vfs_read+0x2ab;ksys_read+0x72;__x64_sys_read+0x19;x64_sys_call+0x1bd1;do_syscall_64+0x7e;entry_SYSCALL_64_after_hwframe+0x76'
66d09abec272b613,'folio_wait_bit_common+0x138;__folio_lock_or_retry+0xae;do_swap_page+0x4a2;handle_pte_fault+0x1c3;__handle_mm_fault+0x62c;handle_mm_fault+0x109;do_user_addr_fault+0x1d2;exc_page_fault+0x85;asm_exc_page_fault+0x27'
e300c503babf12ba,'__alloc_pages_slowpath.constprop.0+0x10b'
a91179c31a8c4e3f,'unix_stream_read_actor+0x1e;unix_stream_read_generic+0x3be;unix_stream_recvmsg+0x8d;sock_recvmsg+0xe1;sock_read_iter+0x8c;vfs_read+0x343;ksys_read+0xd8;__x64_sys_read+0x19;x64_sys_call+0x1bd1;do_syscall_64+0x7e;entry_SYSCALL_64_after_hwframe+0x76'
ad76d1f546b63a85,'blk_mq_get_tag+0x154;__blk_mq_alloc_requests+0xbd;blk_mq_submit_bio+0x253;__submit_bio+0x75;__submit_bio_noacct+0x91;submit_bio_noacct_nocheck+0x1f8;submit_bio_noacct+0x16c;submit_bio+0xb1;iomap_readpage_iter+0x233;iomap_readahead+0x1cc;xfs_vm_readahead+0x15;read_pages+0x85;page_cache_ra_unbounded+0x18e;page_cache_ra_order+0x3b8;page_cache_sync_ra+0x148;filemap_get_pages+0x133;filemap_read+0x11c;generic_file_read_iter+0xbb;xfs_file_buffered_read+0xa9;xfs_file_read_iter+0xad;vfs_read+0x2ab;ksys_read+0x72;__x64_sys_read+0x19;x64_sys_call+0x1bd1;do_syscall_64+0x7e;entry_SYSCALL_64_after_hwframe+0x76'
dd0b9224a8461191,'folio_wait_bit_common+0x138;filemap_fault+0xf3;__do_fault+0x3d;do_read_fault+0x130;do_fault+0x15b;handle_pte_fault+0x160;__handle_mm_fault+0x62c;handle_mm_fault+0x109;do_user_addr_fault+0x1d2;exc_page_fault+0x85;asm_exc_page_fault+0x27'
1856e6eabf986340,'__alloc_pages_slowpath.constprop.0+0x2b5;__alloc_frozen_pages_noprof+0x30f;alloc_pages_mpol+0x7e;alloc_frozen_pages_noprof+0x5c;folio_alloc_noprof+0x14;filemap_alloc_folio_noprof+0x104;page_cache_ra_unbounded+0x102;page_cache_ra_order+0x3b8;do_sync_mmap_readahead+0x22b;filemap_fault+0x517;__do_fault+0x3d;do_read_fault+0x130;do_fault+0x15b;handle_pte_fault+0x160;__handle_mm_fault+0x62c;handle_mm_fault+0x109;do_user_addr_fault+0x1d2;exc_page_fault+0x85;asm_exc_page_fault+0x27'
a21dc3cee69c6a2d,'shrink_folio_list+0xf8;evict_folios+0x391;try_to_shrink_lruvec+0x1b2;shrink_one+0x10f;shrink_many+0x17b;shrink_node+0x48d;do_try_to_free_pages+0xb9;try_to_free_pages+0xe2;__alloc_pages_slowpath.constprop.0+0x2b5;__alloc_frozen_pages_noprof+0x30f;alloc_pages_mpol+0x7e;alloc_frozen_pages_noprof+0x5c;folio_alloc_noprof+0x14;filemap_alloc_folio_noprof+0x104;page_cache_ra_unbounded+0x102;page_cache_ra_order+0x3b8;do_sync_mmap_readahead+0x22b;filemap_fault+0x517;__do_fault+0x3d;do_read_fault+0x130;do_fault+0x15b;handle_pte_fault+0x160;__handle_mm_fault+0x62c;handle_mm_fault+0x109;do_user_addr_fault+0x1d2;exc_page_fault+0x85;asm_exc_page_fault+0x27'
cd16ddacbc4ca76d,'shrink_folio_list+0xb8;evict_folios+0x391;try_to_shrink_lruvec+0x1b2;shrink_one+0x10f;shrink_many+0x17b;shrink_node+0x48d;do_try_to_free_pages+0xb9;try_to_free_pages+0xe2;__alloc_pages_slowpath.constprop.0+0x2b5;__alloc_frozen_pages_noprof+0x30f;alloc_pages_mpol+0x7e;alloc_frozen_pages_noprof+0x5c;folio_alloc_noprof+0x14;filemap_alloc_folio_noprof+0x104;page_cache_ra_unbounded+0x102;page_cache_ra_order+0x3b8;do_sync_mmap_readahead+0x22b;filemap_fault+0x517;__do_fault+0x3d;do_read_fault+0x130;do_fault+0x15b;handle_pte_fault+0x160;__handle_mm_fault+0x62c;handle_mm_fault+0x109;do_user_addr_fault+0x1d2;exc_page_fault+0x85;asm_exc_page_fault+0x27'
6e83e858ce354740,'__alloc_pages_slowpath.constprop.0+0x10b;__alloc_frozen_pages_noprof+0x30f;alloc_pages_mpol+0x7e;alloc_frozen_pages_noprof+0x5c;__mem_cgroup_charge+0x2d'
19f2d1899d3d3787,'__alloc_pages_slowpath.constprop.0+0x2b5;__alloc_frozen_pages_noprof+0x30f;alloc_pages_mpol+0x7e;alloc_frozen_pages_noprof+0x5c;folio_alloc_noprof+0x14;filemap_alloc_folio_noprof+0x104;page_cache_ra_unbounded+0x102;page_cache_ra_order+0x3b8;page_cache_async_ra+0x166;filemap_fault+0x337;__do_fault+0x3d;do_read_fault+0x130;do_fault+0x15b;handle_pte_fault+0x160;__handle_mm_fault+0x62c;handle_mm_fault+0x109;do_user_addr_fault+0x1d2;exc_page_fault+0x85;asm_exc_page_fault+0x27'
ca161b7857f58d20,'folio_wait_bit_common+0x138;filemap_fault+0xf3;__do_fault+0x3d;do_shared_fault+0x2d;do_fault+0x43;handle_pte_fault+0x160;__handle_mm_fault+0x62c;handle_mm_fault+0x109;do_user_addr_fault+0x1d2;exc_page_fault+0x85;asm_exc_page_fault+0x27'
8ee7132d07ae3ef2,'__alloc_frozen_pages_noprof+0x1e8;alloc_pages_mpol+0x7e;alloc_frozen_pages_noprof+0x5c;folio_alloc_noprof+0x14;filemap_alloc_folio_noprof+0x104;page_cache_ra_unbounded+0x102;page_cache_ra_order+0x3b8;do_sync_mmap_readahead+0x22b;filemap_fault+0x517;__do_fault+0x3d;do_read_fault+0x130;do_fault+0x15b;handle_pte_fault+0x160;__handle_mm_fault+0x62c;handle_mm_fault+0x109;do_user_addr_fault+0x1d2;exc_page_fault+0x85;asm_exc_page_fault+0x27'
befb12e57cd8a8ec,'filemap_add_folio+0x9c;page_cache_ra_unbounded+0x132;page_cache_ra_order+0x3b8;do_sync_mmap_readahead+0x22b;filemap_fault+0x517;__do_fault+0x3d;do_read_fault+0x130;do_fault+0x15b;handle_pte_fault+0x160;__handle_mm_fault+0x62c;handle_mm_fault+0x109;do_user_addr_fault+0x1d2;exc_page_fault+0x85;asm_exc_page_fault+0x27'
f402e6721711ee1d,'folio_wait_bit_common+0x138;filemap_read_folio+0x94;filemap_fault+0x3d9;__do_fault+0x3d;do_read_fault+0x130;do_fault+0x15b;handle_pte_fault+0x160;__handle_mm_fault+0x62c;handle_mm_fault+0x109;do_user_addr_fault+0x1d2;exc_page_fault+0x85;asm_exc_page_fault+0x27'
499f6ac6d60cc9b8,'shrink_folio_list+0xf8;evict_folios+0x391;try_to_shrink_lruvec+0x1b2;shrink_one+0x10f;shrink_many+0x17b;shrink_node+0x48d;do_try_to_free_pages+0xb9;try_to_free_pages+0xe2;__alloc_pages_slowpath.constprop.0+0x2b5;__alloc_frozen_pages_noprof+0x30f;alloc_pages_mpol+0x7e;alloc_frozen_pages_noprof+0x5c;folio_alloc_noprof+0x14;filemap_alloc_folio_noprof+0x104;page_cache_ra_unbounded+0x102;page_cache_ra_order+0x3b8;do_sync_mmap_readahead+0x15e;filemap_fault+0x517;__do_fault+0x3d;do_read_fault+0x130;do_fault+0x15b;handle_pte_fault+0x160;__handle_mm_fault+0x62c;handle_mm_fault+0x109;do_user_addr_fault+0x1d2;exc_page_fault+0x85;asm_exc_page_fault+0x27'
84cf4e0ecd316eda,'__alloc_pages_slowpath.constprop.0+0x10b;__alloc_frozen_pages_noprof+0x30f;alloc_pages_mpol+0x7e;alloc_frozen_pages_noprof+0x5c;folio_alloc_noprof+0x14;filemap_alloc_folio_noprof+0x104;page_cache_ra_unbounded+0x102;page_cache_ra_order+0x3b8;do_sync_mmap_readahead+0x22b;filemap_fault+0x517;__do_fault+0x3d;do_read_fault+0x130;do_fault+0x15b;handle_pte_fault+0x160;__handle_mm_fault+0x62c;handle_mm_fault+0x109;do_user_addr_fault+0x1d2;exc_page_fault+0x85;asm_exc_page_fault+0x27'
82dc2f2edec00d3c,'try_to_shrink_lruvec+0x1b2;shrink_one+0x10f;shrink_many+0x17b;shrink_node+0x48d;do_try_to_free_pages+0xb9;try_to_free_pages+0xe2;__alloc_pages_slowpath.constprop.0+0x2b5;__alloc_frozen_pages_noprof+0x30f;alloc_pages_mpol+0x7e;alloc_frozen_pages_noprof+0x5c;folio_alloc_noprof+0x14;filemap_alloc_folio_noprof+0x104;page_cache_ra_unbounded+0x102;page_cache_ra_order+0x3b8;do_sync_mmap_readahead+0x15e;filemap_fault+0x517;__do_fault+0x3d;do_read_fault+0x130;do_fault+0x15b;handle_pte_fault+0x160;__handle_mm_fault+0x62c;handle_mm_fault+0x109;do_user_addr_fault+0x1d2;exc_page_fault+0x85;asm_exc_page_fault+0x27'
1c544ea95c533305,'shrink_folio_list+0xb8;evict_folios+0x391;try_to_shrink_lruvec+0x1b2;shrink_one+0x10f;shrink_many+0x17b;shrink_node+0x48d;do_try_to_free_pages+0xb9;try_to_free_pages+0xe2;__alloc_pages_slowpath.constprop.0+0x2b5;__alloc_frozen_pages_noprof+0x30f;alloc_pages_mpol+0x7e;alloc_frozen_pages_noprof+0x5c;folio_alloc_noprof+0x14;filemap_alloc_folio_noprof+0x104;__filemap_get_folio+0x1f2;filemap_fault+0x15b;__do_fault+0x3d;do_read_fault+0x130;do_fault+0x15b;handle_pte_fault+0x160;__handle_mm_fault+0x62c;handle_mm_fault+0x109;do_user_addr_fault+0x1d2;exc_page_fault+0x85;asm_exc_page_fault+0x27'
1483b41d2307acf8,'shrink_folio_list+0xb8;evict_folios+0x391;try_to_shrink_lruvec+0x1b2;shrink_one+0x10f;shrink_many+0x17b;shrink_node+0x48d;do_try_to_free_pages+0xb9;try_to_free_pages+0xe2;__alloc_pages_slowpath.constprop.0+0x2b5;__alloc_frozen_pages_noprof+0x30f;alloc_pages_mpol+0x7e;alloc_frozen_pages_noprof+0x5c;folio_alloc_noprof+0x14;filemap_alloc_folio_noprof+0x104;page_cache_ra_unbounded+0x102;page_cache_ra_order+0x3b8;do_sync_mmap_readahead+0x15e;filemap_fault+0x517;__do_fault+0x3d;do_read_fault+0x130;do_fault+0x15b;handle_pte_fault+0x160;__handle_mm_fault+0x62c;handle_mm_fault+0x109;do_user_addr_fault+0x1d2;exc_page_fault+0x85;asm_exc_page_fault+0x27'
a3f3f7034f9c50b0,'default_send_IPI_mask_sequence_phys+0x45'
601fb727a3488a06,'shrink_folio_list+0xb8;evict_folios+0x391;try_to_shrink_lruvec+0x1b2;shrink_one+0x10f;shrink_many+0x17b;shrink_node+0x48d;do_try_to_free_pages+0xb9;try_to_free_pages+0xe2;__alloc_pages_slowpath.constprop.0+0x2b5;__alloc_frozen_pages_noprof+0x30f;alloc_pages_mpol+0x7e;alloc_pages_noprof+0x5c;alloc_skb_with_frags+0x105;sock_alloc_send_pskb+0x1fb;unix_stream_sendmsg+0x158;sock_write_iter+0x18e;do_iter_readv_writev+0x14e;vfs_writev+0x17b;do_writev+0x107;__x64_sys_writev+0x1c;x64_sys_call+0x1b86;do_syscall_64+0x7e;entry_SYSCALL_64_after_hwframe+0x76'
26de4cf887de00aa,'irqentry_exit_to_user_mode+0x109;irqentry_exit+0x43;exc_page_fault+0x96;asm_exc_page_fault+0x27'
e665fc512be0f147,'rcu_gp_kthread+0x125;kthread+0xfe;ret_from_fork+0x47;ret_from_fork_asm+0x1a'
46b0e3df4c62551c,'try_to_inc_max_seq+0x13a;try_to_shrink_lruvec+0x218;shrink_one+0x10f;shrink_many+0x17b;shrink_node+0x48d;do_try_to_free_pages+0xb9;try_to_free_pages+0xe2;__alloc_pages_slowpath.constprop.0+0x2b5;__alloc_frozen_pages_noprof+0x30f;alloc_pages_mpol+0x7e;alloc_frozen_pages_noprof+0x5c;folio_alloc_noprof+0x14;filemap_alloc_folio_noprof+0x104;__filemap_get_folio+0x1f2;filemap_fault+0x15b;__do_fault+0x3d;do_read_fault+0x130;do_fault+0x15b;handle_pte_fault+0x160;__handle_mm_fault+0x62c;handle_mm_fault+0x109;do_user_addr_fault+0x1d2;exc_page_fault+0x85;asm_exc_page_fault+0x27'
c6a9ee359a3da0a9,'__alloc_frozen_pages_noprof+0x1e8;alloc_pages_mpol+0x7e;alloc_frozen_pages_noprof+0x5c;folio_alloc_noprof+0x14;filemap_alloc_folio_noprof+0x104;page_cache_ra_unbounded+0x102;page_cache_ra_order+0x3b8;do_sync_mmap_readahead+0x15e;filemap_fault+0x517;__do_fault+0x3d;do_read_fault+0x130;do_fault+0x15b;handle_pte_fault+0x160;__handle_mm_fault+0x62c;handle_mm_fault+0x109;do_user_addr_fault+0x1d2;exc_page_fault+0x85;asm_exc_page_fault+0x27'
524dfa1460670345,'shrink_folio_list+0xf8;evict_folios+0x391;try_to_shrink_lruvec+0x1b2;shrink_one+0x10f;shrink_many+0x17b;shrink_node+0x48d;do_try_to_free_pages+0xb9;try_to_free_pages+0xe2;__alloc_pages_slowpath.constprop.0+0x2b5;__alloc_frozen_pages_noprof+0x30f;alloc_pages_mpol+0x7e;alloc_frozen_pages_noprof+0x5c;folio_alloc_noprof+0x14;filemap_alloc_folio_noprof+0x104;__filemap_get_folio+0x1f2;filemap_fault+0x15b;__do_fault+0x3d;do_read_fault+0x130;do_fault+0x15b;handle_pte_fault+0x160;__handle_mm_fault+0x62c;handle_mm_fault+0x109;do_user_addr_fault+0x1d2;exc_page_fault+0x85;asm_exc_page_fault+0x27'
ff12c2d0c1ad521b,'shrink_slab+0x11e;shrink_one+0x129;shrink_many+0x17b;shrink_node+0x48d;do_try_to_free_pages+0xb9;try_to_free_pages+0xe2;__alloc_pages_slowpath.constprop.0+0x2b5;__alloc_frozen_pages_noprof+0x30f;alloc_pages_mpol+0x7e;alloc_frozen_pages_noprof+0x5c;folio_alloc_noprof+0x14;filemap_alloc_folio_noprof+0x104;page_cache_ra_unbounded+0x102;page_cache_ra_order+0x3b8;do_sync_mmap_readahead+0x22b;filemap_fault+0x517;__do_fault+0x3d;do_read_fault+0x130;do_fault+0x15b;handle_pte_fault+0x160;__handle_mm_fault+0x62c;handle_mm_fault+0x109;do_user_addr_fault+0x1d2;exc_page_fault+0x85;asm_exc_page_fault+0x27'
2d07f6c0903cc301,'rmap_walk_file+0xa6;folio_referenced+0x14e;shrink_folio_list+0xad5;evict_folios+0x391;try_to_shrink_lruvec+0x1b2;shrink_one+0x10f;shrink_many+0x17b;shrink_node+0x48d;do_try_to_free_pages+0xb9;try_to_free_pages+0xe2;__alloc_pages_slowpath.constprop.0+0x2b5;__alloc_frozen_pages_noprof+0x30f;alloc_pages_mpol+0x7e;alloc_frozen_pages_noprof+0x5c;folio_alloc_noprof+0x14;filemap_alloc_folio_noprof+0x104;page_cache_ra_unbounded+0x102;page_cache_ra_order+0x3b8;do_sync_mmap_readahead+0x22b;filemap_fault+0x517;__do_fault+0x3d;do_read_fault+0x130;do_fault+0x15b;handle_pte_fault+0x160;__handle_mm_fault+0x62c;handle_mm_fault+0x109;do_user_addr_fault+0x1d2;exc_page_fault+0x85;asm_exc_page_fault+0x27'
f8b17065fe559a67,'shrink_slab+0x11e;shrink_one+0x129;shrink_many+0x17b;shrink_node+0x48d;do_try_to_free_pages+0xb9;try_to_free_pages+0xe2;__alloc_pages_slowpath.constprop.0+0x2b5;__alloc_frozen_pages_noprof+0x30f;alloc_pages_mpol+0x7e;alloc_frozen_pages_noprof+0x5c;folio_alloc_noprof+0x14;filemap_alloc_folio_noprof+0x104;__filemap_get_folio+0x1f2;filemap_fault+0x15b;__do_fault+0x3d;do_read_fault+0x130;do_fault+0x15b;handle_pte_fault+0x160;__handle_mm_fault+0x62c;handle_mm_fault+0x109;do_user_addr_fault+0x1d2;exc_page_fault+0x85;asm_exc_page_fault+0x27'
165ebbefd600be5a,'try_to_inc_max_seq+0x13a;try_to_shrink_lruvec+0x218;shrink_one+0x10f;shrink_many+0x17b;shrink_node+0x48d;do_try_to_free_pages+0xb9;try_to_free_pages+0xe2;__alloc_pages_slowpath.constprop.0+0x2b5;__alloc_frozen_pages_noprof+0x30f;alloc_pages_mpol+0x7e;alloc_frozen_pages_noprof+0x5c;folio_alloc_noprof+0x14;filemap_alloc_folio_noprof+0x104;page_cache_ra_unbounded+0x102;page_cache_ra_order+0x3b8;do_sync_mmap_readahead+0x15e;filemap_fault+0x517;__do_fault+0x3d;do_read_fault+0x130;do_fault+0x15b;handle_pte_fault+0x160;__handle_mm_fault+0x62c;handle_mm_fault+0x109;do_user_addr_fault+0x1d2;exc_page_fault+0x85;asm_exc_page_fault+0x27'
6ac7bba575c9d73,'__alloc_pages_slowpath.constprop.0+0x2d4;__alloc_frozen_pages_noprof+0x30f;alloc_pages_mpol+0x7e;alloc_frozen_pages_noprof+0x5c;folio_alloc_noprof+0x14;filemap_alloc_folio_noprof+0x104;page_cache_ra_unbounded+0x102;page_cache_ra_order+0x3b8;do_sync_mmap_readahead+0x22b;filemap_fault+0x517;__do_fault+0x3d;do_read_fault+0x130;do_fault+0x15b;handle_pte_fault+0x160;__handle_mm_fault+0x62c;handle_mm_fault+0x109;do_user_addr_fault+0x1d2;exc_page_fault+0x85;asm_exc_page_fault+0x27'
71629eda1172d793,'filemap_fault+0x517;__do_fault+0x3d;do_read_fault+0x130;do_fault+0x15b;handle_pte_fault+0x160;__handle_mm_fault+0x62c;handle_mm_fault+0x109;do_user_addr_fault+0x1d2;exc_page_fault+0x85;asm_exc_page_fault+0x27'
82544904c979fc06,'sysvec_call_function+0x57'
98b1dd12469961c7,'do_sync_mmap_readahead+0x15e;filemap_fault+0x517;__do_fault+0x3d;do_read_fault+0x130;do_fault+0x15b;handle_pte_fault+0x160;__handle_mm_fault+0x62c;handle_mm_fault+0x109;do_user_addr_fault+0x1d2;exc_page_fault+0x85;asm_exc_page_fault+0x27'
2d77f8c0881abf5c,'rmap_walk_file+0xa6;folio_referenced+0x14e;shrink_folio_list+0xad5;evict_folios+0x391;try_to_shrink_lruvec+0x1b2;shrink_one+0x10f;shrink_many+0x17b;shrink_node+0x48d;do_try_to_free_pages+0xb9;try_to_free_pages+0xe2;__alloc_pages_slowpath.constprop.0+0x2b5;__alloc_frozen_pages_noprof+0x30f;alloc_pages_mpol+0x7e;alloc_frozen_pages_noprof+0x5c;folio_alloc_noprof+0x14;filemap_alloc_folio_noprof+0x104;page_cache_ra_unbounded+0x102;page_cache_ra_order+0x3b8;do_sync_mmap_readahead+0x15e;filemap_fault+0x517;__do_fault+0x3d;do_read_fault+0x130;do_fault+0x15b;handle_pte_fault+0x160;__handle_mm_fault+0x62c;handle_mm_fault+0x109;do_user_addr_fault+0x1d2;exc_page_fault+0x85;asm_exc_page_fault+0x27'
4adc3d72f61b59e2,'process_one_work+0x35c;worker_thread+0x2de;kthread+0xfe;ret_from_fork+0x47;ret_from_fork_asm+0x1a'
c1d6584101cf54b5,'__tlb_batch_free_encoded_pages+0x49;tlb_finish_mmu+0x88;vms_clear_ptes+0x174;vms_complete_munmap_vmas+0x83;do_vmi_align_munmap+0x181;do_vmi_munmap+0xd3;__vm_munmap+0xbc;__x64_sys_munmap+0x1b;x64_sys_call+0x1f0a;do_syscall_64+0x7e;entry_SYSCALL_64_after_hwframe+0x76'
ee27b97bbf50959c,'do_vmi_munmap+0xd3;__vm_munmap+0xbc;__x64_sys_munmap+0x1b;x64_sys_call+0x1f0a;do_syscall_64+0x7e;entry_SYSCALL_64_after_hwframe+0x76'
31cd7b541da4ebfc,'xfs_iunlock+0xe1'
519b0e0476af3cc5,'sock_def_readable+0x52'
353ff807767af923,'xfs_ilock+0xba;xfs_file_buffered_read+0x9e;xfs_file_read_iter+0xad;vfs_read+0x2ab;__x64_sys_pread64+0xa9;x64_sys_call+0x1ba4;do_syscall_64+0x7e;entry_SYSCALL_64_after_hwframe+0x76'
ee424e03cddf6e85,'uncharge_folio+0x192'
804c1c056fd089da,'blk_mq_get_tag+0x154;__blk_mq_alloc_requests+0xbd;blk_mq_submit_bio+0x253;__submit_bio+0x75;__submit_bio_noacct+0x91;submit_bio_noacct_nocheck+0x1f8;submit_bio_noacct+0x16c;submit_bio+0xb1;iomap_readpage_iter+0x233;iomap_readahead+0x1cc;xfs_vm_readahead+0x15;read_pages+0x85;page_cache_ra_order+0x33c;page_cache_sync_ra+0x148;filemap_get_pages+0x133;filemap_read+0x11c;generic_file_read_iter+0xbb;xfs_file_buffered_read+0xa9;xfs_file_read_iter+0xad;vfs_read+0x2ab;ksys_read+0x72;__x64_sys_read+0x19;x64_sys_call+0x1bd1;do_syscall_64+0x7e;entry_SYSCALL_64_after_hwframe+0x76'
3acc492e024bc5b9,'squashfs_decompress+0x38;squashfs_read_data+0xf7;squashfs_readahead+0x2f2;read_pages+0x85;page_cache_ra_unbounded+0x18e;page_cache_ra_order+0x3b8;do_sync_mmap_readahead+0x15e;filemap_fault+0x517;__do_fault+0x3d;do_read_fault+0x130;do_fault+0x15b;handle_pte_fault+0x160;__handle_mm_fault+0x62c;handle_mm_fault+0x109;do_user_addr_fault+0x1d2;exc_page_fault+0x85;asm_exc_page_fault+0x27'
c063c041492f3738,'squashfs_decompress+0x38;squashfs_read_data+0xf7;squashfs_readahead+0x2f2;read_pages+0x85;page_cache_ra_unbounded+0x1e1;page_cache_ra_order+0x3b8;do_sync_mmap_readahead+0x15e;filemap_fault+0x517;__do_fault+0x3d;do_read_fault+0x130;do_fault+0x15b;handle_pte_fault+0x160;__handle_mm_fault+0x62c;handle_mm_fault+0x109;do_user_addr_fault+0x1d2;exc_page_fault+0x85;asm_exc_page_fault+0x27'
7b4b1e030a8567f5,'__remove_hrtimer+0x52'
74a62059f591b657,'x64_sys_call+0x1bd1;do_syscall_64+0x7e;entry_SYSCALL_64_after_hwframe+0x76'
941be9c6250b32b5,'io_cqring_wait+0x69b;__do_sys_io_uring_enter+0x149;__x64_sys_io_uring_enter+0x22;x64_sys_call+0x1ebf;do_syscall_64+0x7e;entry_SYSCALL_64_after_hwframe+0x76'
f578ab1baa46e17b,'md_write_start.part.0+0x13f;md_write_start+0x14;raid5_make_request+0xa2;md_handle_request+0x15d;raid_map+0x37;__map_bio+0x1c6;__split_and_process_bio+0xc9;dm_split_and_process_bio+0xf5;dm_submit_bio+0x4f;__submit_bio+0x1a1;__submit_bio_noacct+0x91;submit_bio_noacct_nocheck+0x1f8;submit_bio_noacct+0x16c;submit_bio+0xb1;iomap_submit_ioend+0x45;iomap_writepages+0x88;xfs_vm_writepages+0x6d;do_writepages+0x86;filemap_fdatawrite_wbc+0x58;__filemap_fdatawrite_range+0x6d;generic_fadvise+0x1d0;xfs_file_fadvise+0x26;ksys_fadvise64_64+0x54;__x64_sys_fadvise64+0x1c;x64_sys_call+0x1f73;do_syscall_64+0x7e;entry_SYSCALL_64_after_hwframe+0x76'
ccd45f46f9ddf396,'raid5_get_active_stripe+0x25d;make_stripe_request+0x97;raid5_make_request+0x1a0;md_handle_request+0x15d;raid_map+0x37;__map_bio+0x1c6;__split_and_process_bio+0xc9;dm_split_and_process_bio+0xf5;dm_submit_bio+0x4f;__submit_bio+0x1a1;__submit_bio_noacct+0x91;submit_bio_noacct_nocheck+0x1f8;submit_bio_noacct+0x16c;submit_bio+0xb1;iomap_submit_ioend+0x45;iomap_writepages+0x88;xfs_vm_writepages+0x6d;do_writepages+0x86;filemap_fdatawrite_wbc+0x58;__filemap_fdatawrite_range+0x6d;generic_fadvise+0x1d0;xfs_file_fadvise+0x26;ksys_fadvise64_64+0x54;__x64_sys_fadvise64+0x1c;x64_sys_call+0x1f73;do_syscall_64+0x7e;entry_SYSCALL_64_after_hwframe+0x76'
ece8cdc8b920ebe7,'vfs_read+0x343;ksys_read+0xd8;__x64_sys_read+0x19;x64_sys_call+0x1bd1;do_syscall_64+0x7e;entry_SYSCALL_64_after_hwframe+0x76'
937f09059d3fd61e,'md_write_start.part.0+0x13f;md_write_start+0x14;raid5_make_request+0xa2;md_handle_request+0x15d;raid_map+0x37;__map_bio+0x1c6;__split_and_process_bio+0xc9;dm_split_and_process_bio+0xf5;dm_submit_bio+0x4f;__submit_bio+0x1a1;__submit_bio_noacct+0x91;submit_bio_noacct_nocheck+0x1f8;submit_bio_noacct+0x16c;submit_bio+0xb1;iomap_dio_submit_bio+0x84;iomap_dio_bio_iter+0x3a0;__iomap_dio_rw+0x3a4;iomap_dio_rw+0x11;xfs_file_dio_write_aligned+0xb5;xfs_file_write_iter+0x12e;vfs_write+0x29b;ksys_write+0x72;__x64_sys_write+0x19;x64_sys_call+0x2c4;do_syscall_64+0x7e;entry_SYSCALL_64_after_hwframe+0x76'
a18eff12e45d33d3,'blk_io_schedule+0x22;__iomap_dio_rw+0x4dd;iomap_dio_rw+0x11;xfs_file_dio_write_aligned+0xb5;xfs_file_write_iter+0x12e;vfs_write+0x29b;ksys_write+0x72;__x64_sys_write+0x19;x64_sys_call+0x2c4;do_syscall_64+0x7e;entry_SYSCALL_64_after_hwframe+0x76'
30f0a21ea3ecb025,'md_thread+0x187;kthread+0xfe;ret_from_fork+0x47;ret_from_fork_asm+0x1a'
ede4d609976d7b13,'submit_bio_wait+0x7b;blkdev_issue_discard+0x91;ext4_issue_discard+0x7f;ext4_try_to_trim_range+0x2bd;ext4_trim_all_free+0x154;ext4_trim_fs+0x267;__ext4_ioctl+0x707;ext4_ioctl+0xe;__x64_sys_ioctl+0xa7;x64_sys_call+0x131e;do_syscall_64+0x7e;entry_SYSCALL_64_after_hwframe+0x76'
b260044460ef9c08,'sch_direct_xmit+0x105;__dev_xmit_skb+0x264;__dev_queue_xmit+0x47e;neigh_hh_output+0x8f;ip_finish_output2+0x1f4;__ip_finish_output+0xb6;ip_finish_output+0x2b;ip_output+0x5f;ip_local_out+0x61;__ip_queue_xmit+0x193;ip_queue_xmit+0x15;__tcp_transmit_skb+0xa86;tcp_write_xmit+0x5bb;__tcp_push_pending_frames+0x37;tcp_push+0x123;tcp_sendmsg_locked+0x9b9;tcp_sendmsg+0x2c;inet6_sendmsg+0x42;sock_write_iter+0x122;vfs_write+0x3ca;ksys_write+0xd8;__x64_sys_write+0x19;x64_sys_call+0x2c4;do_syscall_64+0x7e;entry_SYSCALL_64_after_hwframe+0x76'
73561302fd000644,'__wake_up_sync_key+0x49'
586cbd926e27f39,'folio_wait_bit_common+0x138;filemap_update_page+0x24c;filemap_get_pages+0x2f4;filemap_read+0x11c;generic_file_read_iter+0xbb;ext4_file_read_iter+0x60;vfs_read+0x2ab;__x64_sys_pread64+0xa9;x64_sys_call+0x1ba4;do_syscall_64+0x7e;entry_SYSCALL_64_after_hwframe+0x76'
3a54451070374c21,'dev_hard_start_xmit+0x65;sch_direct_xmit+0x105;__dev_xmit_skb+0x264;__dev_queue_xmit+0x47e;neigh_hh_output+0x8f;ip_finish_output2+0x1f4;__ip_finish_output+0xb6;ip_finish_output+0x2b;ip_output+0x5f;ip_local_out+0x61;__ip_queue_xmit+0x193;ip_queue_xmit+0x15;__tcp_transmit_skb+0xa86;tcp_write_xmit+0x5bb;__tcp_push_pending_frames+0x37;tcp_push+0x123;tcp_sendmsg_locked+0x9b9;tcp_sendmsg+0x2c;inet6_sendmsg+0x42;sock_write_iter+0x122;vfs_write+0x3ca;ksys_write+0xd8;__x64_sys_write+0x19;x64_sys_call+0x2c4;do_syscall_64+0x7e;entry_SYSCALL_64_after_hwframe+0x76'
e872465553fef0ed,'hw_atl_b0_hw_irq_enable+0x1a'
b582510b8e444ff,'folio_wait_bit_common+0x138;folio_wait_bit+0x18;folio_wait_writeback+0x2b;__filemap_fdatawait_range+0x8c;file_write_and_wait_range+0x90;ext4_sync_file+0x89;vfs_fsync_range+0x45;do_fsync+0x40;__x64_sys_fsync+0x13;x64_sys_call+0x2315;do_syscall_64+0x7e;entry_SYSCALL_64_after_hwframe+0x76'
5116125520e8d299,'folio_wait_bit_common+0x138;filemap_fault+0xf3;__do_fault+0x3d;do_fault+0x109;handle_pte_fault+0x160;__handle_mm_fault+0x62c;handle_mm_fault+0x109;do_user_addr_fault+0x1d2;exc_page_fault+0x85;asm_exc_page_fault+0x27'
98917c4ac4697f9f,'submit_bio_noacct+0x26;dm_submit_bio_remap+0x49;__map_bio+0x137;__split_and_process_bio+0xc9;dm_split_and_process_bio+0xf5;dm_submit_bio+0x4f;__submit_bio+0x1a1;__submit_bio_noacct+0x91;submit_bio_noacct_nocheck+0x1f8;submit_bio_noacct+0x16c;submit_bio+0xb1;iomap_dio_submit_bio+0x84;iomap_dio_bio_iter+0x3a0;__iomap_dio_rw+0x3a4;iomap_dio_rw+0x11;xfs_file_dio_read+0xcf;xfs_file_read_iter+0x126;__io_read+0xb8;io_read+0x17;io_issue_sqe+0x6f;io_submit_sqes+0x113;__do_sys_io_uring_enter+0x1ef;__x64_sys_io_uring_enter+0x22;x64_sys_call+0x1ebf;do_syscall_64+0x7e;entry_SYSCALL_64_after_hwframe+0x76'
7b41d4030a759f37,'hrtimer_reprogram+0xa8'
9980b8d45f08660a,'folio_wait_bit_common+0x138;filemap_update_page+0x24c;filemap_get_pages+0x2f4;filemap_read+0x11c;generic_file_read_iter+0xbb;ext4_file_read_iter+0x60;aio_read+0x137;__io_submit_one.isra.0+0xad;io_submit_one+0xf1;__x64_sys_io_submit+0x91;x64_sys_call+0x227f;do_syscall_64+0x7e;entry_SYSCALL_64_after_hwframe+0x76'
afc5810363b15e2e,'select_idle_sibling+0x3f'
bb0e280b97da1963,'rq_qos_wait+0xc9;wbt_wait+0xb3;__rq_qos_throttle+0x28;blk_mq_submit_bio+0x22b;__submit_bio+0x75;__submit_bio_noacct+0x91;submit_bio_noacct_nocheck+0x1f8;submit_bio_noacct+0x16c;submit_bio+0xb1;ext4_io_submit+0x24;ext4_do_writepages+0x5cc;ext4_writepages+0xbb;do_writepages+0x86;filemap_fdatawrite_wbc+0x58;__filemap_fdatawrite_range+0x6d;file_write_and_wait_range+0x5a;ext4_sync_file+0x89;vfs_fsync_range+0x45;do_fsync+0x40;__x64_sys_fdatasync+0x16;x64_sys_call+0xbb6;do_syscall_64+0x7e;entry_SYSCALL_64_after_hwframe+0x76'
81f5260315d8538d,'__smp_call_single_queue+0xda'
e6961403c0d5c7f7,'free_pcppages_bulk+0x158'
62d33db7233dc599,'do_select+0x757;core_sys_select+0x402;do_pselect.constprop.0+0xe9;__x64_sys_pselect6+0x6b;x64_sys_call+0x219e;do_syscall_64+0x7e;entry_SYSCALL_64_after_hwframe+0x76'
e18029e378ece3d4,'futex_wait_queue+0x69;__futex_wait+0x154;futex_wait+0x73;do_futex+0x105'
b240270367e7c640,'__pick_next_task+0x165'
b0b9b20365504d71,'sched_balance_newidle+0xde'
428106ef24529ee2,'wait_woken+0x5b;sk_wait_data+0x17f;tcp_recvmsg_locked+0x24d;tcp_recvmsg+0x84;inet_recvmsg+0x54;sock_recvmsg+0xc6;sock_read_iter+0x8c;vfs_read+0x343;ksys_read+0xd8;__x64_sys_read+0x19;x64_sys_call+0x1bd1;do_syscall_64+0x7e;entry_SYSCALL_64_after_hwframe+0x76'
27b15aa943167225,'blk_io_schedule+0x22;__iomap_dio_rw+0x4dd;iomap_dio_rw+0x11;ext4_file_read_iter+0x159;vfs_read+0x2ab;__x64_sys_pread64+0xa9;x64_sys_call+0x1ba4;do_syscall_64+0x7e;entry_SYSCALL_64_after_hwframe+0x76'
c0fd280380f2eef3,'ext4_es_lookup_extent+0xe4'
d41dbeae67090cfd,'jbd2_log_wait_commit+0xd9;jbd2_complete_transaction+0x73;ext4_fc_commit+0x1c5;ext4_sync_file+0x34d;vfs_fsync_range+0x45;do_fsync+0x40;__x64_sys_fsync+0x13;x64_sys_call+0x2315;do_syscall_64+0x7e;entry_SYSCALL_64_after_hwframe+0x76'
24e2c4fe550db59d,'x64_sys_call+0x5a3;do_syscall_64+0x7e;entry_SYSCALL_64_after_hwframe+0x76'
112a03e2c08253d8,'xfs_buf_iowait+0x24;xfs_buf_read_map+0x12e;xfs_trans_read_buf_map+0x13b;xfs_imap_to_bp+0x62;xfs_iget_cache_miss+0xc4;xfs_iget+0x1ee;xfs_lookup+0xec;xfs_vn_lookup+0x93;__lookup_slow+0x85;walk_component+0x117;path_lookupat+0x6a;filename_lookup+0xee;vfs_statx+0x7a;vfs_fstatat+0x8e;__do_sys_newfstatat+0x44;__x64_sys_newfstatat+0x1c;x64_sys_call+0x248c;do_syscall_64+0x7e;entry_SYSCALL_64_after_hwframe+0x76'
75e7303dea7b6e66,'xfs_buf_lock+0x30;xfs_buf_find_lock+0x6a;xfs_buf_lookup.constprop.0+0x134;xfs_buf_get_map+0x101;xfs_buf_read_map+0x54;xfs_trans_read_buf_map+0x13b;xfs_imap_to_bp+0x62;xfs_inode_item_precommit+0x195;__xfs_trans_commit+0xc2;xfs_trans_commit+0x61;xfs_vn_update_time+0xe5;touch_atime+0xb6;filemap_read+0x4c0;generic_file_read_iter+0xbb;xfs_file_buffered_read+0xa9;xfs_file_read_iter+0xad;vfs_read+0x2ab;ksys_read+0x72;__x64_sys_read+0x19;x64_sys_call+0x1bd1;do_syscall_64+0x7e;entry_SYSCALL_64_after_hwframe+0x76'
f28082edf7a577c6,'blk_mq_get_tag+0x154;__blk_mq_alloc_requests+0xbd;blk_mq_submit_bio+0x253;__submit_bio+0x75;__submit_bio_noacct+0x91;submit_bio_noacct_nocheck+0x1f8;submit_bio_noacct+0x16c;submit_bio+0xb1;iomap_readahead+0x238;xfs_vm_readahead+0x15;read_pages+0x85;page_cache_ra_order+0x2a1;page_cache_sync_ra+0x148;filemap_get_pages+0x133;filemap_read+0x11c;generic_file_read_iter+0xbb;xfs_file_buffered_read+0xa9;xfs_file_read_iter+0xad;vfs_read+0x2ab;ksys_read+0x72;__x64_sys_read+0x19;x64_sys_call+0x1bd1;do_syscall_64+0x7e;entry_SYSCALL_64_after_hwframe+0x76'
a5992be1161908b7,'blk_mq_get_tag+0x154;__blk_mq_alloc_requests+0xbd;blk_mq_submit_bio+0x253;__submit_bio+0x75;__submit_bio_noacct+0x91;submit_bio_noacct_nocheck+0x1f8;submit_bio_noacct+0x16c;submit_bio+0xb1;iomap_readahead+0x238;xfs_vm_readahead+0x15;read_pages+0x85;page_cache_ra_order+0x33c;page_cache_async_ra+0x166;filemap_readahead.isra.0+0x76;filemap_get_pages+0x32d;filemap_read+0x11c;generic_file_read_iter+0xbb;xfs_file_buffered_read+0xa9;xfs_file_read_iter+0xad;vfs_read+0x2ab;ksys_read+0x72;__x64_sys_read+0x19;x64_sys_call+0x1bd1;do_syscall_64+0x7e;entry_SYSCALL_64_after_hwframe+0x76'
5e43466c2fda9e98,'blk_io_schedule+0x22;__iomap_dio_rw+0x4dd'
92051044148ad371,'io_read+0x17;io_issue_sqe+0x6f;io_submit_sqes+0x113;__do_sys_io_uring_enter+0x1ef;__x64_sys_io_uring_enter+0x22;x64_sys_call+0x1ebf;do_syscall_64+0x7e;entry_SYSCALL_64_after_hwframe+0x76'
8a07438173241acf,'md_thread+0x6d;kthread+0xfe;ret_from_fork+0x47;ret_from_fork_asm+0x1a'
ddc34d03b1d79fd2,'lru_gen_add_folio+0x223'
e934e88829c15d68,'balance_dirty_pages+0x471;balance_dirty_pages_ratelimited_flags+0x2cd;iomap_write_iter+0xd2;iomap_file_buffered_write+0x94;xfs_file_buffered_write+0x83;xfs_file_write_iter+0x13f;vfs_write+0x29b;ksys_write+0x72;__x64_sys_write+0x19;x64_sys_call+0x2c4;do_syscall_64+0x7e;entry_SYSCALL_64_after_hwframe+0x76'
e2a07b03ba1b74fc,'gup_fast_pte_range+0xc1'
e474d203bd3744d1,'kmem_cache_alloc_noprof+0x1fe'
be8bb18da028e1d,'kernel_clone+0x2ca;__do_sys_clone3+0xf6;__x64_sys_clone3+0x16;x64_sys_call+0x2063;do_syscall_64+0x7e;entry_SYSCALL_64_after_hwframe+0x76'
b6923403f039d1ea,'kernel_clone+0x2ca;__do_sys_vfork+0x4c;x64_sys_call+0x1fa0;do_syscall_64+0x7e;entry_SYSCALL_64_after_hwframe+0x76'
ce06b6b83452374e,'iterate_tty_write+0x4d;file_tty_write.isra.0+0x8a;tty_write+0x11;vfs_write+0x29b;ksys_write+0x72;__x64_sys_write+0x19;x64_sys_call+0x2c4;do_syscall_64+0x7e;entry_SYSCALL_64_after_hwframe+0x76'
eea1bb05fa75337,'pipe_read+0x412;vfs_read+0x343;ksys_read+0xd8;__x64_sys_read+0x19;x64_sys_call+0x1bd1;do_syscall_64+0x7e;entry_SYSCALL_64_after_hwframe+0x76'
692260dd069963ff,'__alloc_frozen_pages_noprof+0x1e8;alloc_pages_mpol+0x7e;folio_alloc_mpol_noprof+0x14;vma_alloc_folio_noprof+0x68;alloc_anon_folio+0x1da;do_anonymous_page+0x170;handle_pte_fault+0x1e1;__handle_mm_fault+0x62c;handle_mm_fault+0x109;do_user_addr_fault+0x1d2;exc_page_fault+0x85;asm_exc_page_fault+0x27'
513e95761427c74e,'open_last_lookups+0x21b;path_openat+0x98;do_filp_open+0xd4;do_sys_openat2+0xb3;__x64_sys_openat+0x55;x64_sys_call+0x1c49;do_syscall_64+0x7e;entry_SYSCALL_64_after_hwframe+0x76'
f80ae569b2aaf936,'vma_link_file+0x31;__mmap_new_vma+0x1ab;__mmap_region+0x3ef;mmap_region+0x63;do_mmap+0x479;vm_mmap_pgoff+0x11e;ksys_mmap_pgoff+0x177;__x64_sys_mmap+0x33;x64_sys_call+0x24b9;do_syscall_64+0x7e;entry_SYSCALL_64_after_hwframe+0x76'
f3fb14b7a525ae30,'do_wait+0x67;kernel_wait4+0xbc;__do_sys_wait4+0xad;__x64_sys_wait4+0x1c;x64_sys_call+0x1da2;do_syscall_64+0x7e;entry_SYSCALL_64_after_hwframe+0x76'
d35bbaa4a6c3135e,'__wait_on_buffer+0x30;__ext4_find_entry+0x3b8;ext4_lookup+0x1a8;__lookup_slow+0x85;walk_component+0x117;path_lookupat+0x6a;filename_lookup+0xee;vfs_statx+0x7a;vfs_fstatat+0x8e;__do_sys_newfstatat+0x44;__x64_sys_newfstatat+0x1c;x64_sys_call+0x248c;do_syscall_64+0x7e;entry_SYSCALL_64_after_hwframe+0x76'
5bd930c34f3bd674,'dput+0x26;terminate_walk+0x5c;path_openat+0x13f;do_filp_open+0xd4;do_sys_openat2+0xb3;__x64_sys_openat+0x55;x64_sys_call+0x1c49;do_syscall_64+0x7e;entry_SYSCALL_64_after_hwframe+0x76'
601e80fb07bf90f8,'unlink_file_vma_batch_final+0x4a;free_pgtables+0x2b7;vms_clear_ptes+0x16c;__mmap_prepare+0x1f5;__mmap_region+0xd9;mmap_region+0x63;do_mmap+0x479;vm_mmap_pgoff+0x11e;ksys_mmap_pgoff+0x177;__x64_sys_mmap+0x33;x64_sys_call+0x24b9;do_syscall_64+0x7e;entry_SYSCALL_64_after_hwframe+0x76'
dc666d4147a91c13,'vma_prepare+0x52;__split_vma+0x241;vma_modify+0xbf;vma_modify_flags+0xb1;mprotect_fixup+0x117;do_mprotect_pkey+0x3d3;__x64_sys_mprotect+0x1f;x64_sys_call+0xb8f;do_syscall_64+0x7e;entry_SYSCALL_64_after_hwframe+0x76'
513905b41377532e,'unlink_file_vma_batch_final+0x4a;free_pgtables+0x282;exit_mmap+0x18b;mmput+0x69;exit_mm+0xb8;do_exit+0x22c;do_group_exit+0x34;__x64_sys_exit_group+0x18;x64_sys_call+0x1666;do_syscall_64+0x7e;entry_SYSCALL_64_after_hwframe+0x76'
aab6d26c90b92052,'alloc_pages_bulk_noprof+0x3ff;alloc_pages_bulk_mempolicy_noprof+0xc0;__vmalloc_area_node+0x33d;__vmalloc_node_range_noprof+0xda;alloc_thread_stack_node+0x10c;dup_task_struct+0x5b;copy_process+0x197;kernel_clone+0xb9;__do_sys_clone3+0xf6;__x64_sys_clone3+0x16;x64_sys_call+0x2063;do_syscall_64+0x7e;entry_SYSCALL_64_after_hwframe+0x76'
febc740b6e645e28,'vma_link_file+0x31;__mmap_new_vma+0x1ab;__mmap_region+0x3ef;mmap_region+0x63;do_mmap+0x479;vm_mmap_pgoff+0x11e;vm_mmap+0x2d;elf_load+0x1a6;load_elf_binary+0x659;exec_binprm+0x139;bprm_execve.part.0+0x155;bprm_execve+0x45;do_execveat_common.isra.0+0x194;__x64_sys_execve+0x37;x64_sys_call+0x1d1b;do_syscall_64+0x7e;entry_SYSCALL_64_after_hwframe+0x76'
7e3e796f0a0c5842,'unlink_file_vma_batch_add+0x6d;free_pgtables+0x16b;exit_mmap+0x18b;mmput+0x69;exit_mm+0xb8;do_exit+0x22c;do_group_exit+0x34;__x64_sys_exit_group+0x18;x64_sys_call+0x1666;do_syscall_64+0x7e;entry_SYSCALL_64_after_hwframe+0x76'
3d4c4346192643e6,'do_unlinkat+0x158;__x64_sys_unlink+0x3f;x64_sys_call+0xe77;do_syscall_64+0x7e;entry_SYSCALL_64_after_hwframe+0x76'
699d5291b327e049,'__alloc_frozen_pages_noprof+0x1e8;alloc_pages_mpol+0x7e;folio_alloc_mpol_noprof+0x14;vma_alloc_folio_noprof+0x68;alloc_anon_folio+0x1da;do_anonymous_page+0x170;handle_pte_fault+0x1e1;__handle_mm_fault+0x62c;handle_mm_fault+0x109;do_user_addr_fault+0x2d1;exc_page_fault+0x85;asm_exc_page_fault+0x27;rep_movs_alternative+0x75;copy_page_to_iter+0x9f;filemap_read+0x242;generic_file_read_iter+0xbb;ext4_file_read_iter+0x60;vfs_read+0x2ab;ksys_read+0x72;__x64_sys_read+0x19;x64_sys_call+0x1bd1;do_syscall_64+0x7e;entry_SYSCALL_64_after_hwframe+0x76'
d97fc0ce56197626,'__tlb_batch_free_encoded_pages+0x58;tlb_finish_mmu+0x88;vms_clear_ptes+0x174;vms_complete_munmap_vmas+0x83;do_vmi_align_munmap+0x181;do_vmi_munmap+0xd3;__vm_munmap+0xbc;__x64_sys_munmap+0x1b;x64_sys_call+0x1f0a;do_syscall_64+0x7e;entry_SYSCALL_64_after_hwframe+0x76'
64f5978b6956a1a8,'__alloc_frozen_pages_noprof+0x1e8;alloc_pages_mpol+0x7e;folio_alloc_mpol_noprof+0x14;vma_alloc_folio_noprof+0x68;wp_page_copy+0x39b;do_wp_page+0xb3;handle_pte_fault+0x1ee;__handle_mm_fault+0x62c;handle_mm_fault+0x109;do_user_addr_fault+0x1d2;exc_page_fault+0x85;asm_exc_page_fault+0x27'
a51fe498be084e34,'filemap_read+0xcc;generic_file_read_iter+0xbb;ext4_file_read_iter+0x60;vfs_read+0x2ab;ksys_read+0x72;__x64_sys_read+0x19;x64_sys_call+0x1bd1;do_syscall_64+0x7e;entry_SYSCALL_64_after_hwframe+0x76'
49b93f6f362df706,'__vm_munmap+0x86;vm_munmap+0x10;elf_load+0x1f8;load_elf_binary+0x659;exec_binprm+0x139;bprm_execve.part.0+0x155;bprm_execve+0x45;do_execveat_common.isra.0+0x194;__x64_sys_execve+0x37;x64_sys_call+0x1d1b;do_syscall_64+0x7e;entry_SYSCALL_64_after_hwframe+0x76'
1935fbd1df3849a0,'zap_pte_range+0x2bd;zap_pmd_range.isra.0+0x120;zap_pud_range.isra.0+0xab;unmap_page_range+0x219;unmap_single_vma+0x89;unmap_vmas+0xb5;exit_mmap+0xfa;mmput+0x69;exit_mm+0xb8;do_exit+0x22c;do_group_exit+0x34;__x64_sys_exit_group+0x18;x64_sys_call+0x1666;do_syscall_64+0x7e;entry_SYSCALL_64_after_hwframe+0x76'
70a25b5845f53d3e,'kmem_cache_alloc_noprof+0x2f1;alloc_empty_file+0x50;path_openat+0x46;do_filp_open+0xd4;do_sys_openat2+0xb3;__x64_sys_openat+0x55;x64_sys_call+0x1c49;do_syscall_64+0x7e;entry_SYSCALL_64_after_hwframe+0x76'
17f8d7ed9aa1550e,'kmem_cache_alloc_noprof+0x2f1;security_file_alloc+0x2e;init_file+0x34;alloc_empty_file+0x6a;path_openat+0x46;do_filp_open+0xd4;do_sys_openat2+0xb3;__x64_sys_openat+0x55;x64_sys_call+0x1c49;do_syscall_64+0x7e;entry_SYSCALL_64_after_hwframe+0x76'
a9bab1a7a0ec55f4,'wp_page_copy+0x175;do_wp_page+0xb3;handle_pte_fault+0x1ee;__handle_mm_fault+0x62c;handle_mm_fault+0x109;do_user_addr_fault+0x1d2;exc_page_fault+0x85;asm_exc_page_fault+0x27'
9288f01fb2d9be21,'vma_prepare+0x9a;commit_merge+0xab;vma_expand+0x94;vma_merge_new_range+0x96;do_brk_flags+0x2e5;__do_sys_brk+0x31c;__x64_sys_brk+0x12;x64_sys_call+0x1bef;do_syscall_64+0x7e;entry_SYSCALL_64_after_hwframe+0x76'
3651acfb17f76e11,'zap_pte_range+0x2bd;zap_pmd_range.isra.0+0x120;zap_pud_range.isra.0+0xab;unmap_page_range+0x219;unmap_single_vma+0x89;unmap_vmas+0xb5;vms_clear_ptes+0x12e;vms_complete_munmap_vmas+0x83;do_vmi_align_munmap+0x181;do_vmi_munmap+0xd3;__vm_munmap+0xbc;__x64_sys_munmap+0x1b;x64_sys_call+0x1f0a;do_syscall_64+0x7e;entry_SYSCALL_64_after_hwframe+0x76'
585db0c556cebca2,'__filemap_get_folio+0x258;ext4_da_write_begin+0x135;generic_perform_write+0x143;ext4_buffered_write_iter+0x6d;ext4_file_write_iter+0x95;vfs_write+0x29b;ksys_write+0x72;__x64_sys_write+0x19;x64_sys_call+0x2c4;do_syscall_64+0x7e;entry_SYSCALL_64_after_hwframe+0x76'
d588c37f992ce8e0,'__fput+0x37;__fput_sync+0x59;__x64_sys_close+0x3d;x64_sys_call+0x1a2d;do_syscall_64+0x7e;entry_SYSCALL_64_after_hwframe+0x76'
7788c3153ff61eff,'bdev_getblk+0x53;ext4_getblk+0xda;ext4_bread+0xf;__ext4_read_dirblock+0x6a;dx_probe+0x67;ext4_dx_find_entry+0x63;__ext4_find_entry+0x2de;ext4_lookup+0x1a8;lookup_open.isra.0+0x134;open_last_lookups+0x234;path_openat+0x98;do_filp_open+0xd4;do_sys_openat2+0xb3;__x64_sys_openat+0x55;x64_sys_call+0x1c49;do_syscall_64+0x7e;entry_SYSCALL_64_after_hwframe+0x76'
89b300ba576452bc,'filemap_update_page+0x1fc;filemap_get_pages+0x2f4;filemap_read+0x11c;generic_file_read_iter+0xbb;ext4_file_read_iter+0x60;vfs_read+0x2ab;ksys_read+0x72;__x64_sys_read+0x19;x64_sys_call+0x1bd1;do_syscall_64+0x7e;entry_SYSCALL_64_after_hwframe+0x76'
63e26f24a5ce23c2,'dput+0x26;__fput+0x13d;__fput_sync+0x59;__x64_sys_close+0x3d;x64_sys_call+0x1a2d;do_syscall_64+0x7e;entry_SYSCALL_64_after_hwframe+0x76'
2373fa9aa0500,'kmem_cache_alloc_noprof+0x2f1;getname_flags.part.0+0x2b;getname+0x31;do_sys_openat2+0x7f;__x64_sys_openat+0x55;x64_sys_call+0x1c49;do_syscall_64+0x7e;entry_SYSCALL_64_after_hwframe+0x76'
387e5662de18dac,'__alloc_frozen_pages_noprof+0x1e8;alloc_pages_mpol+0x7e;alloc_frozen_pages_noprof+0x5c;folio_alloc_noprof+0x14;filemap_alloc_folio_noprof+0x104;__filemap_get_folio+0x1f2;ext4_da_write_begin+0x135;generic_perform_write+0x143;ext4_buffered_write_iter+0x6d;ext4_file_write_iter+0x95;vfs_write+0x29b;ksys_write+0x72;__x64_sys_write+0x19;x64_sys_call+0x2c4;do_syscall_64+0x7e;entry_SYSCALL_64_after_hwframe+0x76'
4db03757cdd7a5a,'__tlb_batch_free_encoded_pages+0x58;tlb_flush_mmu+0x52;zap_pte_range+0x3c5;zap_pmd_range.isra.0+0x120;zap_pud_range.isra.0+0xab;unmap_page_range+0x219;unmap_single_vma+0x89;unmap_vmas+0xb5;exit_mmap+0xfa;mmput+0x69;exit_mm+0xb8;do_exit+0x22c;do_group_exit+0x34;__x64_sys_exit_group+0x18;x64_sys_call+0x1666;do_syscall_64+0x7e;entry_SYSCALL_64_after_hwframe+0x76'
92a2517c296b97d7,'exit_mmap+0x1e8;mmput+0x69;exit_mm+0xb8;do_exit+0x22c;do_group_exit+0x34;__x64_sys_exit_group+0x18;x64_sys_call+0x1666;do_syscall_64+0x7e;entry_SYSCALL_64_after_hwframe+0x76'
e3b919f7e99b0b98,'__wait_on_buffer+0x30;__ext4_find_entry+0x3b8;ext4_lookup+0x1a8;lookup_open.isra.0+0x134;open_last_lookups+0x2ed;path_openat+0x98;do_filp_open+0xd4;do_sys_openat2+0xb3;__x64_sys_openat+0x55;x64_sys_call+0x1c49;do_syscall_64+0x7e;entry_SYSCALL_64_after_hwframe+0x76'
11a8ae5a41a54939,'mempool_alloc_noprof+0xc1;bio_alloc_bioset+0x212;__swap_writepage+0x7b;swap_writepage+0x141;pageout+0x13c;shrink_folio_list+0x7e2;evict_folios+0x391;try_to_shrink_lruvec+0x1b2;shrink_one+0x10f;shrink_many+0x17b;shrink_node+0x48d;do_try_to_free_pages+0xb9;try_to_free_pages+0xe2;__alloc_pages_slowpath.constprop.0+0x2b5;__alloc_frozen_pages_noprof+0x30f;alloc_pages_mpol+0x7e;folio_alloc_mpol_noprof+0x14;vma_alloc_folio_noprof+0x68;alloc_anon_folio+0x1da;do_anonymous_page+0x170;handle_pte_fault+0x1e1;__handle_mm_fault+0x62c;handle_mm_fault+0x109;do_user_addr_fault+0x1d2;exc_page_fault+0x85;asm_exc_page_fault+0x27'
6be39450c37a165f,'free_pgtables+0x10f;exit_mmap+0x18b;mmput+0x69;exit_mm+0xb8;do_exit+0x22c;do_group_exit+0x34;__x64_sys_exit_group+0x18;x64_sys_call+0x1666;do_syscall_64+0x7e;entry_SYSCALL_64_after_hwframe+0x76'
7d2ba713bd5c1077,'kmem_cache_alloc_noprof+0x2f1;ext4_inode_attach_jinode+0x53;ext4_file_open+0xc6;do_dentry_open+0x177;vfs_open+0x2a;do_open+0x2b7;path_openat+0x134;do_filp_open+0xd4;do_sys_openat2+0xb3;__x64_sys_openat+0x55;x64_sys_call+0x1c49;do_syscall_64+0x7e;entry_SYSCALL_64_after_hwframe+0x76'
1b50c85fd7f8ee2c,'n_tty_write+0x150;iterate_tty_write+0x119;file_tty_write.isra.0+0x8a;tty_write+0x11;vfs_write+0x29b;ksys_write+0x72;__x64_sys_write+0x19;x64_sys_call+0x2c4;do_syscall_64+0x7e;entry_SYSCALL_64_after_hwframe+0x76'
e06d51aee3c20565,'folio_wait_bit_common+0x138;filemap_update_page+0x24c;filemap_get_pages+0x2f4;filemap_read+0x11c;generic_file_read_iter+0xbb;ext4_file_read_iter+0x60;do_iter_readv_writev+0x208;vfs_iter_read+0x103;backing_file_read_iter+0x1a1;ovl_read_iter+0xa1;vfs_read+0x2ab;ksys_read+0x72;__x64_sys_read+0x19;x64_sys_call+0x1bd1;do_syscall_64+0x7e;entry_SYSCALL_64_after_hwframe+0x76'
4b70817b3a5e3e7c,'rq_qos_wait+0xc9;wbt_wait+0xb3;__rq_qos_throttle+0x28;blk_mq_submit_bio+0x22b;__submit_bio+0x75;__submit_bio_noacct+0x91;submit_bio_noacct_nocheck+0x1f8;submit_bio_noacct+0x16c;submit_bio+0xb1;__swap_writepage+0x179;swap_writepage+0x141;pageout+0x13c;shrink_folio_list+0x7e2;evict_folios+0x391;try_to_shrink_lruvec+0x1b2;shrink_one+0x10f;shrink_many+0x17b;shrink_node+0x48d;do_try_to_free_pages+0xb9;try_to_free_pages+0xe2;__alloc_pages_slowpath.constprop.0+0x2b5;__alloc_frozen_pages_noprof+0x30f;alloc_pages_mpol+0x7e;folio_alloc_mpol_noprof+0x14;__read_swap_cache_async+0x1c9;swap_vma_readahead+0x23f;swapin_readahead+0xce;do_swap_page+0x343;handle_pte_fault+0x1c3;__handle_mm_fault+0x62c;handle_mm_fault+0x109;do_user_addr_fault+0x1d2;exc_page_fault+0x85;asm_exc_page_fault+0x27'
d3d55e475267b09,'rq_qos_wait+0xc9;wbt_wait+0xb3;__rq_qos_throttle+0x28;blk_mq_submit_bio+0x22b;__submit_bio+0x75;__submit_bio_noacct+0x91;submit_bio_noacct_nocheck+0x1f8;submit_bio_noacct+0x16c;submit_bio+0xb1;__swap_writepage+0x179;swap_writepage+0x141;shmem_writepage+0x433;pageout+0x13c;shrink_folio_list+0x7e2;evict_folios+0x391;try_to_shrink_lruvec+0x1b2;shrink_one+0x10f;shrink_many+0x17b;shrink_node+0x48d;do_try_to_free_pages+0xb9;try_to_free_pages+0xe2;__alloc_pages_slowpath.constprop.0+0x2b5;__alloc_frozen_pages_noprof+0x30f;alloc_pages_mpol+0x7e;folio_alloc_mpol_noprof+0x14;__read_swap_cache_async+0x1c9;swap_vma_readahead+0x23f;swapin_readahead+0xce;do_swap_page+0x343;handle_pte_fault+0x1c3;__handle_mm_fault+0x62c;handle_mm_fault+0x109;do_user_addr_fault+0x1d2;exc_page_fault+0x85;asm_exc_page_fault+0x27'
72cc15c21585b29,'mempool_alloc_noprof+0xc1;bio_alloc_bioset+0x212;__swap_writepage+0x7b;swap_writepage+0x141;pageout+0x13c;shrink_folio_list+0x7e2;evict_folios+0x391;try_to_shrink_lruvec+0x1b2;shrink_one+0x10f;shrink_many+0x17b;shrink_node+0x48d;do_try_to_free_pages+0xb9;try_to_free_pages+0xe2;__alloc_pages_slowpath.constprop.0+0x2b5;__alloc_frozen_pages_noprof+0x30f;alloc_pages_mpol+0x7e;folio_alloc_mpol_noprof+0x14;vma_alloc_folio_noprof+0x68;wp_page_copy+0x39b;do_wp_page+0xb3;handle_pte_fault+0x1ee;__handle_mm_fault+0x62c;handle_mm_fault+0x109;do_user_addr_fault+0x1d2;exc_page_fault+0x85;asm_exc_page_fault+0x27'
404c408236db4a26,'folio_alloc_swap+0x122;add_to_swap+0x14;shrink_folio_list+0x546;evict_folios+0x391;try_to_shrink_lruvec+0x1b2;shrink_one+0x10f;shrink_many+0x17b;shrink_node+0x48d;do_try_to_free_pages+0xb9;try_to_free_pages+0xe2;__alloc_pages_slowpath.constprop.0+0x2b5;__alloc_frozen_pages_noprof+0x30f;alloc_pages_mpol+0x7e;folio_alloc_mpol_noprof+0x14;vma_alloc_folio_noprof+0x68;alloc_anon_folio+0x1da;do_anonymous_page+0x170;handle_pte_fault+0x1e1;__handle_mm_fault+0x62c;handle_mm_fault+0x109;do_user_addr_fault+0x1d2;exc_page_fault+0x85;asm_exc_page_fault+0x27'
ff5cfe51877182c7,'pcpu_alloc_noprof+0x436;mm_init+0x256;dup_mm.constprop.0+0x56;copy_process+0x14b5;kernel_clone+0xb9;__do_sys_clone+0x69;__x64_sys_clone+0x25;x64_sys_call+0x1f91;do_syscall_64+0x7e;entry_SYSCALL_64_after_hwframe+0x76'
ad652a7fe000a222,'mempool_alloc_noprof+0xc1;bio_alloc_bioset+0x212;__swap_writepage+0x7b;swap_writepage+0x141;pageout+0x13c;shrink_folio_list+0x7e2;evict_folios+0x391;try_to_shrink_lruvec+0x1b2;shrink_one+0x10f;shrink_many+0x17b;shrink_node+0x48d;do_try_to_free_pages+0xb9;try_to_free_pages+0xe2;__alloc_pages_slowpath.constprop.0+0x2b5;__alloc_frozen_pages_noprof+0x30f;alloc_pages_mpol+0x7e;alloc_pages_noprof+0x5c;pte_alloc_one+0x1d;__pte_alloc+0x2a;do_anonymous_page+0x254;handle_pte_fault+0x1e1;__handle_mm_fault+0x62c;handle_mm_fault+0x109;do_user_addr_fault+0x1d2;exc_page_fault+0x85;asm_exc_page_fault+0x27'
39920c03060606b3,'shrink_folio_list+0xb8;evict_folios+0x391;try_to_shrink_lruvec+0x1b2;shrink_one+0x10f;shrink_many+0x17b;shrink_node+0x48d;do_try_to_free_pages+0xb9;try_to_free_pages+0xe2;__alloc_pages_slowpath.constprop.0+0x2b5;__alloc_frozen_pages_noprof+0x30f;alloc_pages_mpol+0x7e;folio_alloc_mpol_noprof+0x14;vma_alloc_folio_noprof+0x68;alloc_anon_folio+0x1da;do_anonymous_page+0x170;handle_pte_fault+0x1e1;__handle_mm_fault+0x62c;handle_mm_fault+0x109;do_user_addr_fault+0x1d2;exc_page_fault+0x85;asm_exc_page_fault+0x27'
9185022d3afa75ce,'folio_alloc_swap+0x122;shmem_writepage+0x145;pageout+0x13c;shrink_folio_list+0x7e2;evict_folios+0x391;try_to_shrink_lruvec+0x1b2;shrink_one+0x10f;shrink_many+0x17b;shrink_node+0x48d;do_try_to_free_pages+0xb9;try_to_free_pages+0xe2;__alloc_pages_slowpath.constprop.0+0x2b5;__alloc_frozen_pages_noprof+0x30f;alloc_pages_mpol+0x7e;folio_alloc_mpol_noprof+0x14;vma_alloc_folio_noprof+0x68;alloc_anon_folio+0x1da;do_anonymous_page+0x170;handle_pte_fault+0x1e1;__handle_mm_fault+0x62c;handle_mm_fault+0x109;do_user_addr_fault+0x1d2;exc_page_fault+0x85;asm_exc_page_fault+0x27'
8f6acd5cb06937ac,'mempool_alloc_noprof+0xc1;bio_alloc_bioset+0x212;__swap_writepage+0x7b;swap_writepage+0x141;pageout+0x13c;shrink_folio_list+0x7e2;evict_folios+0x391;try_to_shrink_lruvec+0x1b2;shrink_one+0x10f;shrink_many+0x17b;shrink_node+0x48d;do_try_to_free_pages+0xb9;try_to_free_pages+0xe2;__alloc_pages_slowpath.constprop.0+0x2b5;__alloc_frozen_pages_noprof+0x30f;alloc_pages_mpol+0x7e;folio_alloc_mpol_noprof+0x14;vma_alloc_folio_noprof+0x68;folio_prealloc+0x8c;do_fault+0xf1;handle_pte_fault+0x160;__handle_mm_fault+0x62c;handle_mm_fault+0x109;do_user_addr_fault+0x1d2;exc_page_fault+0x85;asm_exc_page_fault+0x27'
e719e221ba414833,'shrink_slab+0x11e;shrink_one+0x129;shrink_many+0x17b;shrink_node+0x48d;do_try_to_free_pages+0xb9;try_to_free_pages+0xe2;__alloc_pages_slowpath.constprop.0+0x2b5;__alloc_frozen_pages_noprof+0x30f;alloc_pages_mpol+0x7e;folio_alloc_mpol_noprof+0x14;vma_alloc_folio_noprof+0x68;alloc_anon_folio+0x1da;do_anonymous_page+0x170;handle_pte_fault+0x1e1;__handle_mm_fault+0x62c;handle_mm_fault+0x109;do_user_addr_fault+0x1d2;exc_page_fault+0x85;asm_exc_page_fault+0x27'
ac283d7f215498c4,'mempool_alloc_noprof+0xc1;bio_alloc_bioset+0x212;__swap_writepage+0x7b;swap_writepage+0x141;pageout+0x13c;shrink_folio_list+0x7e2;evict_folios+0x391;try_to_shrink_lruvec+0x1b2;shrink_one+0x10f;shrink_many+0x17b;shrink_node+0x48d;do_try_to_free_pages+0xb9;try_to_free_pages+0xe2;__alloc_pages_slowpath.constprop.0+0x2b5;__alloc_frozen_pages_noprof+0x30f;alloc_pages_mpol+0x7e;alloc_pages_noprof+0x5c;pte_alloc_one+0x1d;__do_fault+0xbb;do_fault+0x109;handle_pte_fault+0x160;__handle_mm_fault+0x62c;handle_mm_fault+0x109;do_user_addr_fault+0x2d1;exc_page_fault+0x85;asm_exc_page_fault+0x27;rep_stos_alternative+0x40;load_elf_interp.isra.0+0x176;load_elf_binary+0x9f7;exec_binprm+0x139;bprm_execve.part.0+0x155;bprm_execve+0x45;do_execveat_common.isra.0+0x194;__x64_sys_execve+0x37;x64_sys_call+0x1d1b;do_syscall_64+0x7e;entry_SYSCALL_64_after_hwframe+0x76'
3d1fe2d67bd4d3d2,'walk_component+0x108;path_lookupat+0x6a;filename_lookup+0xee;do_readlinkat+0x7a;__x64_sys_readlink+0x1e;x64_sys_call+0x182c;do_syscall_64+0x7e;entry_SYSCALL_64_after_hwframe+0x76'
8282ca63b6b08dc1,'mempool_alloc_noprof+0xc1;bio_alloc_bioset+0x212;__swap_writepage+0x7b;swap_writepage+0x141;pageout+0x13c;shrink_folio_list+0x7e2;evict_folios+0x391;try_to_shrink_lruvec+0x1b2;shrink_one+0x10f;shrink_many+0x17b;shrink_node+0x48d;do_try_to_free_pages+0xb9;try_to_free_pages+0xe2;__alloc_pages_slowpath.constprop.0+0x2b5;__alloc_frozen_pages_noprof+0x30f;alloc_pages_mpol+0x7e;alloc_frozen_pages_noprof+0x5c;folio_alloc_noprof+0x14;filemap_alloc_folio_noprof+0x104;__filemap_get_folio+0x1f2;__getblk_slow+0x9c;bdev_getblk+0x69;ext4_getblk+0xda;ext4_bread_batch+0x4b;__ext4_find_entry+0x1a0;ext4_lookup+0x1a8;__lookup_slow+0x85;walk_component+0x117;path_lookupat+0x6a;filename_lookup+0xee;vfs_statx+0x7a;vfs_fstatat+0x8e;__do_sys_newfstatat+0x44;__x64_sys_newfstatat+0x1c;x64_sys_call+0x248c;do_syscall_64+0x7e;entry_SYSCALL_64_after_hwframe+0x76'
87ed3e074b97d8b2,'vma_link_file+0x31;__mmap_new_vma+0x1ab;__mmap_region+0x3ef;mmap_region+0x63;do_mmap+0x479;vm_mmap_pgoff+0x11e;vm_mmap+0x2d;elf_load+0xb4;load_elf_binary+0x659;exec_binprm+0x139;bprm_execve.part.0+0x155;bprm_execve+0x45;do_execveat_common.isra.0+0x194;__x64_sys_execve+0x37;x64_sys_call+0x1d1b;do_syscall_64+0x7e;entry_SYSCALL_64_after_hwframe+0x76'
3856ab25b4a34ee7,'d_alloc_parallel+0x319;lookup_open.isra.0+0x1c6;open_last_lookups+0x2ed;path_openat+0x98;do_filp_open+0xd4;do_sys_openat2+0xb3;__x64_sys_openat+0x55;x64_sys_call+0x1c49;do_syscall_64+0x7e;entry_SYSCALL_64_after_hwframe+0x76'
e3d7ea82491d4d3c,'shrink_folio_list+0xf8;evict_folios+0x391;try_to_shrink_lruvec+0x1b2;shrink_one+0x10f;shrink_many+0x17b;shrink_node+0x48d;do_try_to_free_pages+0xb9;try_to_free_pages+0xe2;__alloc_pages_slowpath.constprop.0+0x2b5;__alloc_frozen_pages_noprof+0x30f;alloc_pages_mpol+0x7e;folio_alloc_mpol_noprof+0x14;vma_alloc_folio_noprof+0x68;folio_prealloc+0x8c;do_fault+0xf1;handle_pte_fault+0x160;__handle_mm_fault+0x62c;handle_mm_fault+0x109;do_user_addr_fault+0x2d1;exc_page_fault+0x85;asm_exc_page_fault+0x27;rep_stos_alternative+0x40;load_elf_binary+0x659;exec_binprm+0x139;bprm_execve.part.0+0x155;bprm_execve+0x45;do_execveat_common.isra.0+0x194;__x64_sys_execve+0x37;x64_sys_call+0x1d1b;do_syscall_64+0x7e;entry_SYSCALL_64_after_hwframe+0x76'
5352d03662a666bd,'d_alloc_parallel+0x319;__lookup_slow+0x5c;walk_component+0x117;link_path_walk.part.0.constprop.0+0x1af;path_lookupat+0x3e;filename_lookup+0xee;vfs_statx+0x7a;vfs_fstatat+0x8e;__do_sys_newfstatat+0x44;__x64_sys_newfstatat+0x1c;x64_sys_call+0x248c;do_syscall_64+0x7e;entry_SYSCALL_64_after_hwframe+0x76'
a73f02c967850ae5,'reclaim_throttle+0x294;do_try_to_free_pages+0x4b6;try_to_free_pages+0xe2;__alloc_pages_slowpath.constprop.0+0x2b5;__alloc_frozen_pages_noprof+0x30f;alloc_pages_mpol+0x7e;alloc_frozen_pages_noprof+0x5c;folio_alloc_noprof+0x14;filemap_alloc_folio_noprof+0x104;page_cache_ra_unbounded+0x102;page_cache_ra_order+0x3b8;do_sync_mmap_readahead+0x15e;filemap_fault+0x517;__do_fault+0x3d;do_read_fault+0x130;do_fault+0x15b;handle_pte_fault+0x160;__handle_mm_fault+0x62c;handle_mm_fault+0x109;do_user_addr_fault+0x1d2;exc_page_fault+0x85;asm_exc_page_fault+0x27'
7b26c10c0a6bc2d6,'d_alloc_parallel+0x319;lookup_open.isra.0+0x1c6;open_last_lookups+0x2ed;path_openat+0x98;do_filp_open+0xd4;do_open_execat+0x5b;alloc_bprm+0x24;do_execveat_common.isra.0+0x9b;__x64_sys_execve+0x37;x64_sys_call+0x1d1b;do_syscall_64+0x7e;entry_SYSCALL_64_after_hwframe+0x76'
d930fa85e60397e5,'d_alloc_parallel+0x319;lookup_open.isra.0+0x1c6;open_last_lookups+0x2ed;path_openat+0x98;do_filp_open+0xd4;do_open_execat+0x5b;open_exec+0x2b;load_elf_binary+0x192;exec_binprm+0x139;bprm_execve.part.0+0x155;bprm_execve+0x45;do_execveat_common.isra.0+0x194;__x64_sys_execve+0x37;x64_sys_call+0x1d1b;do_syscall_64+0x7e;entry_SYSCALL_64_after_hwframe+0x76'
67c02a0e660214fd,'d_alloc_parallel+0x319;__lookup_slow+0x5c;walk_component+0x117;link_path_walk.part.0.constprop.0+0x1af;path_openat+0x86;do_filp_open+0xd4;do_open_execat+0x5b;alloc_bprm+0x24;do_execveat_common.isra.0+0x9b;__x64_sys_execve+0x37;x64_sys_call+0x1d1b;do_syscall_64+0x7e;entry_SYSCALL_64_after_hwframe+0x76'
